<keymap version="1" name="Windows copy" parent="$default">
  <action id="Arrangement.Rule.Add" />
  <action id="Diff.FocusOppositePane" />
  <action id="EditorUnindentSelection" />
  <action id="GuiDesigner.DecreaseIndent" />
  <action id="NewElement" />
  <action id="NewElementInMenuGroup">
    <keyboard-shortcut first-keystroke="shift tab" />
  </action>
  <action id="PrevParameter" />
  <action id="PrevTemplateParameter" />
  <action id="PreviousTemplateVariable" />
  <action id="ReformatCode">
    <keyboard-shortcut first-keystroke="ctrl tab" />
  </action>
  <action id="RemoteHost.NewRemoteItem" />
  <action id="SearchEverywhere.PrevTab" />
  <action id="Switcher">
    <keyboard-shortcut first-keystroke="shift ctrl tab" />
  </action>
</keymap>